{
  "total_perms": 40320,
  "hist_num_gates": {
    "0": 1,
    "1": 12,
    "2": 72,
    "3": 286,
    "4": 839,
    "5": 1922,
    "6": 3549,
    "7": 5379,
    "8": 6754,
    "9": 7044,
    "10": 6083,
    "11": 4311,
    "12": 2468,
    "13": 1113,
    "14": 380,
    "15": 92,
    "16": 14,
    "17": 1
  },
  "hist_cost": {
    "0": 1,
    "1": 9,
    "2": 39,
    "3": 105,
    "4": 191,
    "5": 244,
    "6": 236,
    "7": 238,
    "8": 369,
    "9": 624,
    "10": 814,
    "11": 782,
    "12": 678,
    "13": 860,
    "14": 1410,
    "15": 1904,
    "16": 1870,
    "17": 1452,
    "18": 1350,
    "19": 1926,
    "20": 2650,
    "21": 2707,
    "22": 2040,
    "23": 1484,
    "24": 1698,
    "25": 2322,
    "26": 2481,
    "27": 1884,
    "28": 1148,
    "29": 961,
    "30": 1248,
    "31": 1409,
    "32": 1101,
    "33": 573,
    "34": 261,
    "35": 260,
    "36": 345,
    "37": 314,
    "38": 175,
    "39": 56,
    "40": 18,
    "41": 25,
    "42": 30,
    "43": 20,
    "44": 7,
    "45": 1
  },
  "avg_num_gates": 8.67142857142857,
  "avg_cost": 21.50952380952381
}