{
  "total_perms": 40320,
  "hist_num_gates": {
    "0": 1,
    "1": 12,
    "2": 72,
    "3": 285,
    "4": 829,
    "5": 1874,
    "6": 3404,
    "7": 5077,
    "8": 6311,
    "9": 6609,
    "10": 5876,
    "11": 4456,
    "12": 2882,
    "13": 1577,
    "14": 715,
    "15": 258,
    "16": 69,
    "17": 12,
    "18": 1
  },
  "hist_cost": {
    "0": 1,
    "1": 9,
    "2": 39,
    "3": 105,
    "4": 191,
    "5": 244,
    "6": 236,
    "7": 238,
    "8": 369,
    "9": 624,
    "10": 814,
    "11": 781,
    "12": 669,
    "13": 821,
    "14": 1305,
    "15": 1713,
    "16": 1628,
    "17": 1234,
    "18": 1190,
    "19": 1767,
    "20": 2408,
    "21": 2381,
    "22": 1731,
    "23": 1291,
    "24": 1615,
    "25": 2265,
    "26": 2392,
    "27": 1783,
    "28": 1105,
    "29": 1032,
    "30": 1432,
    "31": 1646,
    "32": 1309,
    "33": 723,
    "34": 415,
    "35": 501,
    "36": 671,
    "37": 623,
    "38": 368,
    "39": 139,
    "40": 75,
    "41": 115,
    "42": 140,
    "43": 102,
    "44": 41,
    "45": 8,
    "46": 5,
    "47": 10,
    "48": 10,
    "49": 5,
    "50": 1
  },
  "avg_num_gates": 8.871428571428572,
  "avg_cost": 22.50952380952381
}